 ,,,,,,,,,,
,,,,,,,,,,
,Date,,Venue,,Time,# of Faculty,Menu,Cost(won),Total Cost(won),GA Requests
New Faculty,Day 1,"Friday, July 31",Extended Breakfast,In front of IT office (2nd floor),7:20 AM,95,"Breakfast: Maison de Croissant / 
1 Tea / 3 Coffee+Milk,Sugar (OurHome)","1,211","115,000","Maison de Croissant to be prepared by Heather
Ourhome to prepare Coffee & Tea "
,,,Lunch (School Pays) ,MS/US Cafeteria,12:00 PM,105,"Lunch: 
  Bibimbap,Seaweed soup,Crispy bulgogi,Steamed egg, Japchae,Seasoend acorn jelly,kimchi
**Vegetarian) Bibimbap,Veggie tteokgalbi(Others are the same)
Salad Bar:Vegetable Salad/Fruits/Sikhye(Sweet Rice Juice)","10,000","1,050,000",
,,,,,,,,,,
,Day 2,"Monday, August 3",Tea/Coffee get together,In front of IT office (2nd floor),7:20 AM,95,"1 Tea / 3 Coffee+Milk,Sugar (OurHome)","115,000","115,000"," 
"
,,,Snacks,In front of VS Office (VS Lobby),9:30 AM,30,"VS Snacks: Egg tart, Fruits cup, Blended juice (OurHome)","10,000","300,000",
,,,Snacks,In front of IT office (2nd floor),9:30 AM,37,"MS/US: Egg tart, Fruits cup, Blended juice (OurHome)","10,000","370,000",
,,,Lunch (School Pays) , MS/US Cafeteria,12:00 PM,105,"Lunch:Braised Chicken w/ Soy sauce, Rice, Grilled Mackerel, Seasoned dumplings, 
           Cucumber and onion salad w/ mustard sauce, Kimchi


**Vegetarian)Tofu steak&Sauce, Bean sprouts soup, Eggplant gangjeong, Seasoned Veggie dumplings(Others the same)
Salad Bar:Vegetable Salad/Fruits/Lemon&Apple water","10,000","1,050,000",
,,,,,,,,,,
,Day 3,"Tuesday, August 4",Lunch (School Pays) , MS/US Cafeteria ,12:00 PM,105,"Lunch: Gilled Pork w/ Vegetables and Salt, Rice,Soybean paste Stew, Steamed egg, 
           Jjolmyeon, Wrap vegetables/Ssamjang, kimchi
**VegetarianSoy meat stir-fry w/ vegetables, Pickled rettuce stem(Others the same)
Salad Bar:Vegetable Salad/Fruits/Korean cinamon punch","10,000","1,050,000","Hospital Visit, No breakfast & No Snacks"
,,,,,,,,,,
,Day 4,"Wednesday, August 5",Tea/Coffee get together,In front of IT office (2nd floor),7:20 AM,95,"1 Tea / 3 Coffee+Milk,Sugar","1,211","115,000", 
,,,Snacks,In front of VS Office (VS Lobby),9:30 AM,30,"VS:Greek Yogurt, Nuts, Honey, Banana","10,000","300,000",
,,,Snacks,In front of IT office (2nd floor),9:30 AM,37,"MS/US:Greek Yogurt, Nuts, Honey, Banana","10,000","370,000",
,,,Lunch (School Pays) ,MS/US Cafeteria,12:00 PM,105,"Lunch: Pot Beef Bulgogi, Rice, Spicy squid stir-fry, Grilled tofu, Grilled Seaweed, 
           Seasoned mung bean sprouts, Kimchi
**Vegetarian)Stir-fry mushroom w/ soy meat sauce, Egg&Scallion soup, Braised potato(Others the same)
Salad Bar:Vegetable Salad/Fruits/Barley tea","10,000","1,050,000",
,,,Dinner,,5:30 PM,,,,0,"Not to be prepared by OurHome
Orientation committee will order food."
,,,,,,,,,,
,Day 5,"Thursday, August 6",Tea/Coffee get together,In front of IT office (2nd floor),7:20 AM,95,"1 Tea / 3 Coffee+Milk,Sugar","1,211","115,000",
,,,Snacks,In front of VS Office (VS Lobby),9:30 AM,30,VS: Pastry Sandwich / String cheese / Smoothie juice,"10,000","300,000",
,,,Snacks,In front of IT office (2nd floor),9:30 AM,37,MS/US: Pastry Sandwich / String cheese / Smoothie juice,"10,000","370,000",
,,,Lunch at Orakai,,12:00 PM,,Hannah to prepare,,0,Not to be prepared by OurHome
Labor Cost (OurHome),,,,,,,,,,
All School Faculty,Day 1,"Friday, August 7",Lunch (School Pays) ,MS/US Cafeteria,12:00 PM,300,"Lunch:Janchi noodles, Rice, Boiled beef/Mustard sauce, Grilled tteokgalbi w/ seasoning sauce, 
           Seasoned chives&Onion,kimchi

**Vegetarian) Veggie Janchi noodles, Grilled veggie tteokgalbi, Veggie gangjeong, Seasoned chili leaves
Salad Bar:Vegetable Salad/Fruits/Plum Juice","10,000","3,000,000",
,,,,,,,,,,
,Day 2,"Monday, August10",Lunch (School Pays) ,MS/US Cafeteria,12:00 PM,300,"Lunch: Grilled Pork Rib with Sauce, Rice, Chilli Pepper Paste Stew with Zucchini, Korean five-color 
           skewers, Royal style tteokboki, Seasoend bean sprouts and shredded scalion, Young radish kimchi 
         
**Vegetarian) Soft Tofu Stew with Bean Curd, Oyster king mushroom pancake, Braised quail eggs
                      (Others the same) 
Salad Bar:Vegetable Salad/Fruits/Pomegranate Juice","10,000","3,000,000",
,,,,,,,,,,
,Day 3,"Tuesday, August11",Lunch (School Pays) ,MS/US Cafeteria,12:00 PM,300,"Lunch: Pork Sirloin Cutlet / Fried Shrimp, Rice, Mushroom Soup, Bolognese Pasta, Balsamic Glazed      
            Vegetables, Corn Cheese Gratin, Cucumber Pickle, Kimchi

**Vegetarian) Tofu Cutlet,Soy Cutlet/Sauce, Veggie Ragu pasta(Others the same)
Salad Bar:Vegetable Salad/Fruits/Apple/Pepper Mint Tea","10,000","3,000,000",
,,,,,,,,,,
,Day 4,"Wednesday, August12",Lunch (School Pays) ,MS/US Cafeteria,12:00 PM,300,"Lunch: Beef brisket soup, Rice, Spicy chicken stir-fry, Sweet and sour pork, 
            Seasoned Chamnamul w/ Mung bean jelly, Kimchi

**Vegetarian) Mushroom and radish soup, Mapa tofu, Shiitake gangjeong(Others the same)
Salad Bar:Vegetable Salad/Fruits/Earl grey tea","10,000","3,000,000",
,,,,,,,,,,
,Day 5,"Thursday, August13",Lunch (School Pays) ,MS/US Cafeteria,12:00 PM,300,"Lunch: Spicy webfoot octopus and pork stir-fry, Rice, Mini rice cake soup, Steamed smoked duck and sweet                                             
            pumpkin, Two-colored vegetables, Radish salad
**Vegetarian) Stir-fried Soy Bulgogi with Chili Pepper Paste,Veggie rice cake soup, Soft Tofu, Fried Egg
                      (Others the same)
Salad Bar:Vegetable Salad/Fruits/Chamomile tea
","10,000","3,000,000",
,,,,,,,,,,
,Day 6,"Friday, August 14",Lunch (School Pays) ,MS/US Cafeteria,12:00 PM,300,"Lunch: Whole chicken leg porridge, Rice, Braised Tofu w/ Pork sauce, Buchwheat pancake, Vegetable                                                 
            stick/Ssamjang  Aged kimchi stir-fry w/ peilla oil

**Vegetarian) Mushroom porridge, Braised tofu,Grilled Veggie dumplings, Grilled Soy meat(Others the same)
Salad Bar:Vegetable Salad/Fruits/Green tea
","10,000","3,000,000",
,,,Whole Faculty Social,MS/US Cafeteria,4:00 PM,350,Whole faculty and staff Social (family) - Heather to prepare,0,,"Not to be prepared by OurHome
"
Total Cost (OurHome),,,,,,,,,"24,670,000",
,,,,,,,,,,
,,,,,,** 신규 채용인원 작년 대비 5명 적음. 작년과 식수인원 동일하게 진행,,,,